<?xml version="1.0" encoding="UTF-8"?>
<beans xmlns="http://www.springframework.org/schema/beans"
    xmlns:aop="http://www.springframework.org/schema/aop" 
	xmlns:context="http://www.springframework.org/schema/context"
		xmlns:mvc="http://www.springframework.org/schema/mvc"
	xmlns:p="http://www.springframework.org/schema/p"
	xmlns:xsi="http://www.w3.org/2001/XMLSchema-instance"
	 xmlns:util="http://www.springframework.org/schema/util"
	 xmlns:websocket="http://www.springframework.org/schema/websocket"
	xsi:schemaLocation="http://www.springframework.org/schema/beans
       http://www.springframework.org/schema/beans/spring-beans-4.0.xsd
        http://www.springframework.org/schema/aop
       http://www.springframework.org/schema/aop/spring-aop-4.0.xsd
       http://www.springframework.org/schema/context
       http://www.springframework.org/schema/context/spring-context-4.0.xsd
  		http://www.springframework.org/schema/mvc
		http://www.springframework.org/schema/mvc/spring-mvc-4.0.xsd     
        http://www.springframework.org/schema/util
       http://www.springframework.org/schema/util/spring-util-4.0.xsd
   		http://www.springframework.org/schema/websocket
		http://www.springframework.org/schema/websocket/spring-websocket.xsd" >
	<!-- 
	1. 객체의 생성과 메서드 활용..
	
	 -->	
	 <bean id="p01" class="springweb.a02_di.z01_vo.Person">
	 	<property name="name" value="홍길동"/>	
	 	<property name="age" value="25"/>	
	 	<property name="loc" value="서울신림동"/>	
	 </bean>
	 <!-- 
	 Person p01 = new Person();
	 p01.setName("홍길동");
	 p01.setAge(25);
	 p01.setLoc("서울신림동");
	  -->
	 <!-- 
	2. 생성자 호출과 처리 방법 
	  --> 
	 <bean id="p02" class="springweb.a02_di.z01_vo.Person">
	 	<constructor-arg value="신길동"/>
	 	<constructor-arg value="27"/>
	 	<constructor-arg value="서울 상암동"/>
	 </bean> 
	 <!-- 
	 Person p02 = new Person("신길동",27,"서울 상암동");
	  -->
	<!-- 
	3. 객체 메모리 할당..
	 -->	  
	 <bean id="w01" class="springweb.a02_di.z01_vo.Woman">
	 	<constructor-arg value="홍영자"/>
	 	<constructor-arg value="25"/>
	 </bean>
	 <bean id="w02" class="springweb.a02_di.z01_vo.Woman">
	 	<constructor-arg value="홍영자"/>
	 	<constructor-arg value="25"/>
	 </bean>	 
	 <bean id="m01" class="springweb.a02_di.z01_vo.Man">
	 	<constructor-arg value="김철수"/>
	 	<!-- 객체를 할당하는 메서드 처리
	 		m01.setWoman(w01);
	 		public void setWoman(Woman woman) {
	 		객체가 할당된 때는 ref : reference(참조변수)
	 		속성을 이용해서 할당한다.
	 		value(X):일반 변수만 할당.. 
	 	 -->
	 	 <property name="woman" ref="w01"/>	 
	 </bean>

</beans>       
       
       
       
       
       
       
       
       
       
       
       
       
       
       