<?xml version="1.0" encoding="UTF-8"?>
<beans xmlns="http://www.springframework.org/schema/beans"
    xmlns:aop="http://www.springframework.org/schema/aop" 
	xmlns:context="http://www.springframework.org/schema/context"
		xmlns:mvc="http://www.springframework.org/schema/mvc"
	xmlns:p="http://www.springframework.org/schema/p"
	xmlns:xsi="http://www.w3.org/2001/XMLSchema-instance"
	 xmlns:util="http://www.springframework.org/schema/util"
	 xmlns:websocket="http://www.springframework.org/schema/websocket"
	xsi:schemaLocation="http://www.springframework.org/schema/beans
       http://www.springframework.org/schema/beans/spring-beans-4.0.xsd
        http://www.springframework.org/schema/aop
       http://www.springframework.org/schema/aop/spring-aop-4.0.xsd
       http://www.springframework.org/schema/context
       http://www.springframework.org/schema/context/spring-context-4.0.xsd
  		http://www.springframework.org/schema/mvc
		http://www.springframework.org/schema/mvc/spring-mvc-4.0.xsd     
        http://www.springframework.org/schema/util
       http://www.springframework.org/schema/util/spring-util-4.0.xsd
   		http://www.springframework.org/schema/websocket
		http://www.springframework.org/schema/websocket/spring-websocket.xsd" >
	<!-- container 안에 있는 소스에서 annotation을 쓸수 있게
		선언. -->
	<context:annotation-config/>
	<bean id="w01" class="springweb.a02_di.z01_vo.Woman">
		<constructor-arg value="김마리"/>
		<constructor-arg value="25"/>
	</bean>
	<bean id="man01" class="springweb.a02_di.z01_vo.AnnoMan">
		<property name="name" value="김동훈" />
	</bean>
</beans>       
       
       
       
       
       
       
       
       
       
       
       
       
       
       